SNPID,Chrom,Position,REF,ALT,Line_1,Line_2,Line_3,Line_4,Line_5,Line_6,Line_7
ss1235973625,1,3336720,T,C,BB,AA,BB,AA,BB,AA,AA
ss1235973898,1,4778010,C,T,BB,AA,AB,AA,BB,AA,AA
ss1235974316,1,8388480,T,C,BB,AA,AA,AA,BB,AA,AA
ss1235974287,1,56720355,C,T,BB,AA,AA,BB,BB,AA,BB
ss1235974290,1,56732125,T,C,BB,AA,AA,BB,BB,AA,BB
ss1235974292,1,56739166,A,G,BB,NA,AA,BB,NA,AA,NA
ss1235974294,1,56748109,A,G,BB,AA,AA,BB,BB,AA,BB
ss1235974296,1,56760246,C,T,BB,AA,NA,BB,BB,NA,BB
ss1235974301,1,56784656,G,A,BB,AA,AA,BB,BB,AA,BB
ss1235974303,1,56796876,A,G,BB,AA,AA,BB,BB,AA,BB
ss1235974308,1,56819072,T,G,BB,AA,AA,BB,BB,AA,BB
ss1235974685,2,3895026,A,G,BB,AA,BB,AA,BB,BB,AA
ss1235974688,2,3958834,A,C,BB,AA,NA,AA,BB,NA,AA
ss1235974691,2,3976365,T,C,BB,AA,BB,AA,BB,BB,AA
ss1235974693,2,3991115,C,T,BB,AA,BB,AA,BB,BB,AA
ss1235974773,2,42409706,C,T,BB,AA,BB,NA,AA,AA,BB
ss1235974775,2,42423800,C,A,BB,AA,BB,AA,AA,AA,BB
ss1235974968,2,47148852,C,T,BB,AA,BB,BB,AA,BB,BB
ss1235974970,2,47168791,G,A,BB,AA,BB,BB,AA,BB,BB
ss1235974971,2,47189097,A,C,BB,AA,BB,BB,AA,BB,BB
ss1235974986,2,47431083,C,A,BB,AA,BB,BB,AA,BB,BB
ss1235975993,3,8046,T,C,BB,AA,BB,BB,AA,BB,BB
ss1235975247,3,139472,G,A,BB,AA,BB,BB,AA,BB,BB
ss1235975274,3,172048,A,G,BB,AA,BB,BB,AA,BB,BB
ss1235975294,3,192022,C,T,BB,AA,BB,BB,AA,BB,BB
ss1235975349,3,215829,T,C,BB,AA,BB,BB,AA,BB,BB
ss1235975304,3,18122822,G,A,BB,AA,AA,AA,NA,BB,AB
ss1235975297,3,18381272,A,C,BB,AA,AA,AA,AA,BB,AB
ss1235975410,3,28694047,A,G,BB,AA,AA,AA,AA,BB,AB
ss1235975413,3,28758856,G,A,BB,AA,NA,AA,AA,BB,NA
ss1235975420,3,28887492,G,A,BB,AA,AA,AA,AA,BB,AB
ss1235975423,3,28971689,C,T,BB,AA,AA,AA,AA,BB,AB
ss1235975452,3,31263014,C,T,BB,AA,AA,AA,AA,BB,AB
ss1235975468,3,31912038,G,T,BB,AA,AA,AA,AA,BB,AB
ss1235975496,3,33553037,C,T,BB,AA,AA,AA,AA,AA,BB
ss1235975529,3,35462624,T,C,BB,AA,AA,AA,BB,AA,AB
ss1235975551,3,36731650,G,A,BB,AA,AA,BB,BB,AA,AA
ss1235975554,3,36761401,T,C,BB,AA,AA,BB,BB,AA,AA
ss1235975557,3,36930311,A,G,BB,AA,AA,BB,BB,AA,AA
ss1235975585,3,41335531,G,T,BB,AA,AA,BB,AA,AA,AA
ss1235975597,3,42438340,A,G,BB,AA,AA,BB,AA,AA,AA
ss1235975600,3,42462897,A,G,BB,AA,NA,BB,AA,AA,AA
ss1235975607,3,42515717,T,C,BB,AA,AA,BB,AA,AA,NA
ss1235975610,3,42567548,T,G,BB,AA,AA,BB,AA,AA,AA
ss1235975613,3,42650140,T,C,BB,AA,AA,BB,AA,AA,AA
ss1235975616,3,42680253,T,C,BB,AA,AA,BB,AA,AA,AA
ss1235975625,3,42753528,A,G,BB,AA,AA,BB,AA,AA,AA
ss1235975628,3,42774572,G,A,BB,AA,AA,BB,AA,AA,AA
ss1235975631,3,42796399,C,A,BB,AA,AA,BB,AA,AA,AA
ss1235975637,3,42836055,C,A,BB,AA,AA,BB,AA,AA,AA
ss1235975641,3,42889191,C,T,BB,AA,AA,BB,AA,AA,AA
ss1235975643,3,42919846,T,G,BB,AA,AA,BB,AA,AA,AA
ss1235975644,3,42944649,A,G,BB,AA,AA,BB,AA,AA,AA
ss1235975652,3,43015663,G,A,BB,AA,AA,BB,AA,AA,AA
ss1235975656,3,43033576,C,A,BB,AA,AA,BB,AA,AA,AA
ss1235975659,3,43075416,T,G,BB,AA,AA,BB,AA,AA,AA
ss1235975668,3,43119048,A,G,BB,AA,AA,BB,AA,AA,AA
ss1235975671,3,43137141,G,A,BB,AA,AA,BB,AA,AA,AA
ss1235975674,3,43162020,G,A,BB,AA,AA,BB,AA,AA,AA
ss1235975677,3,43187878,T,C,BB,AA,AA,BB,AA,AA,AA
ss1235975681,3,43203705,C,T,BB,AA,AA,BB,AA,AA,AA
ss1235975687,3,43261582,C,A,BB,AA,AA,BB,AA,AA,AA
ss1235975690,3,43285747,T,C,BB,AA,AA,BB,AA,AA,AA
ss1235975692,3,43307071,T,C,BB,AA,AA,BB,AA,AA,AA
ss1235975695,3,43320470,T,C,BB,AA,AA,BB,AA,AA,AA
ss1235975698,3,43335483,T,C,BB,AA,AA,BB,AA,AA,AA
ss1235975704,3,43357942,G,A,BB,AA,AA,BB,AA,AA,AA
